name,price,district,date_crawl,product_type,time_since_date_crawl,image_link,product_link,page,ram,rom
" Macbook Pro 14"" M1 Pro 16/512 Gray 99%",22500000,Qu·∫≠n T√¢n B√¨nh,2025-04-29 01:54:33,Kh√°c | 16 GB | 512 GB | SSD | ,9 gi·ªù tr∆∞·ªõc,https://cdn.chotot.com/9lpAwUMGCmGQSgynQRlQZRmZis1L76xWJf1ZVb5tF4E/preset:listing/plain/62596f389647f6348a93041df23eab27-2929020700500316248.jpg,https://www.chotot.com/mua-ban-laptop-quan-tan-binh-tp-ho-chi-minh/124638214.htm,1,16,512
 Macbook Pro 14 inch M1 Pro/16/512Gb ƒë·∫πp keng Zin,24990000,Qu·∫≠n T√¢n Ph√∫,2025-04-29 01:54:33,Kh√°c | 16 GB | 512 GB | ,16 gi·ªù tr∆∞·ªõc,https://cdn.chotot.com/L5c3e-nN58HNyKWuUC9gBclFKZMaecD9AMyh5Gql5Fs/preset:listing/plain/71484d12d7cf4227487956916dc71165-2928981455638974552.jpg,https://www.chotot.com/mua-ban-laptop-quan-tan-phu-tp-ho-chi-minh/124627767.htm,1,16,512
 Macbook Pro 14 inch M1 Pro 32Gb 1TB 99% pin 94%,28990000,Qu·∫≠n T√¢n B√¨nh,2025-04-29 01:54:33,Unknown,h√¥m qua,https://cdn.chotot.com/i86MNxyO09GNVb-31k6pn2GmSV08k_aXrcRR9cUZV68/preset:listing/plain/7cc5375504572c5a54271848fff633b1-2928844912167926073.jpg,https://www.chotot.com/mua-ban-laptop-quan-tan-binh-tp-ho-chi-minh/124610820.htm,1,32,1024
 Macbook Pro 14 inch M1 Pro 32/1TB Gray VN 98-99%,27500000,Qu·∫≠n T√¢n B√¨nh,2025-04-29 01:54:33,32 GB | 1 TB | ,15 gi·ªù tr∆∞·ªõc,https://cdn.chotot.com/OPD3ovnRn_bEpVrf0HYb1OtMlv1K1eUa0pPQC0i_X1Y/preset:listing/plain/500e31c1aff499e7eb5e7bbfc580b2f5-2927863668478753081.jpg,https://www.chotot.com/mua-ban-laptop-quan-tan-binh-tp-ho-chi-minh/124454515.htm,1,32,1024
" Macbook Pro 14"" M1 Pro 16/512 Gray 99% Pin cao",26490000,Qu·∫≠n 10,2025-04-29 01:54:33,Kh√°c | 16 GB | 512 GB | SSD | ,2 ng√†y tr∆∞·ªõc,https://cdn.chotot.com/6HaDV5GN5vQNDfObNltCCYFmeS9qwMpHv5z-zQx5CI4/preset:listing/plain/7bdc7c081118778b905360db9f8684a1-2928736978236265418.jpg,https://www.chotot.com/mua-ban-laptop-quan-10-tp-ho-chi-minh/124600113.htm,1,16,512
" MacBook Pro 14"" M1, 16GB, 1TB, M√°y ƒê·∫πp s·∫°c",28900000,Qu·∫≠n T√¢n B√¨nh,2025-04-29 01:54:33,Intel Core i7 | 16 GB | 1 TB | SSD | ,2 ng√†y tr∆∞·ªõc,https://cdn.chotot.com/zG9Yms9xjW1Nq1zu1QYaTDw_J6clL5qKoUhICV6OroU/preset:listing/plain/2fa0d51f126920ab8ffa6ffd9dd6e87e-2928756056700687208.jpg,https://www.chotot.com/mua-ban-laptop-quan-tan-binh-tp-ho-chi-minh/124602628.htm,1,16,1024
" MACBOOK PRO 14"" M1",21900000,Qu·∫≠n 10,2025-04-29 01:54:33,Kh√°c | 16 GB | 512 GB | SSD | ,4 ng√†y tr∆∞·ªõc,https://cdn.chotot.com/IdYa0NubD2PXIFZ_dfWWHZPk0hnEp8-C9jPi_7s4yzo/preset:listing/plain/868d8d5e685f38e54dd0fa51f6c7e04f-2928006637727040407.jpg,https://www.chotot.com/mua-ban-laptop-quan-10-tp-ho-chi-minh/122730697.htm,1,16,512
 Macbook pro 14 inch M1 pro 32G RAM/1TB 99% gi√° t·ªët,31990000,Qu·∫≠n T√¢n B√¨nh,2025-04-29 01:54:33,Kh√°c | 32 GB | 1 TB | SSD | ,h√¥m qua,https://cdn.chotot.com/2y22bR5pNYfLrdMQPSw4RDlmOWyAZ1xa0Hmnw1x51uo/preset:listing/plain/b10b2e0244f81912067cbe3bd5a4d300-2928046907807322200.jpg,https://www.chotot.com/mua-ban-laptop-quan-tan-binh-tp-ho-chi-minh/124484816.htm,1,32,1024
 Macbook pro m1 14‚Äù - 16/512 99%,24000000,Qu·∫≠n T√¢n Ph√∫,2025-04-29 01:54:33,16 GB | 512 GB | SSD | ,3 ng√†y tr∆∞·ªõc,https://cdn.chotot.com/Loz3g-yLiTyC5dWAXZt31W5LucNKzfEsk2S52rZlCjs/preset:listing/plain/5baf2ee1850dbee0882f997d9fbf0531-2928570479302195268.jpg,https://www.chotot.com/mua-ban-laptop-quan-tan-phu-tp-ho-chi-minh/124572048.htm,1,16,512
" Macbook Pro 14"" M1 Pro 16/512 Gray 99% VN",25990000,Qu·∫≠n T√¢n B√¨nh,2025-04-29 01:54:33,16 GB | 512 GB | SSD | ,5 ng√†y tr∆∞·ªõc,https://cdn.chotot.com/t9JIWrAjbjQ0NbiEUpzcSRKHKeBs_odqcpgYyLc5RnE/preset:listing/plain/5f65c0c9381ffa89ddd5cd48aa246278-2928314557570425782.jpg,https://www.chotot.com/mua-ban-laptop-quan-tan-binh-tp-ho-chi-minh/124532490.htm,1,16,512
 Macbook Pro 14 inch M1 Pro /16/512Gb,20900000,Qu·∫≠n T√¢n Ph√∫,2025-04-29 01:54:33,16 GB | 512 GB | ,6 ng√†y tr∆∞·ªõc,https://cdn.chotot.com/lnkFt96mx460HY21bWtKaeLoDDwGHSzHxBDHmG5R_8g/preset:listing/plain/277544e31bf2aa5af95e1a3eba01352d-2928247413751554998.jpg,https://www.chotot.com/mua-ban-laptop-quan-tan-phu-tp-ho-chi-minh/124512476.htm,1,16,512
 Macbook Pro 14‚Äù M1 Pro 16/512 ch√≠nh h√£ng VN 99%,25990000,Qu·∫≠n 10,2025-04-29 01:54:33,Kh√°c | 16 GB | 512 GB | SSD | ,5 ng√†y tr∆∞·ªõc,https://cdn.chotot.com/Lp7Oa9irK0GLpiklDgjAUhirzuiyC3BBJbVXTvOy3WM/preset:listing/plain/41abbee86911e8c5d9c08a5cd3183c3c-2928315084131094616.jpg,https://www.chotot.com/mua-ban-laptop-quan-10-tp-ho-chi-minh/124532635.htm,1,16,512
" Macbook Pro 14"" M1 Pro 16/1TB Gray Care 09/25",27490000,Qu·∫≠n T√¢n B√¨nh,2025-04-29 01:54:33,16 GB | 1 TB | SSD | ,6 ng√†y tr∆∞·ªõc,https://cdn.chotot.com/CPhFaCbwCf0uBFTuH-yRiYb9ArMJkhOL5mik0K3NHtA/preset:listing/plain/26383fac94a1cfd88f15e0f706f51e81-2928153744595006948.jpg,https://www.chotot.com/mua-ban-laptop-quan-tan-binh-tp-ho-chi-minh/124503532.htm,1,16,1024
" Macbook Pro 14"" M1 Pro 16/1TB bhh t9",27500000,Qu·∫≠n T√¢n B√¨nh,2025-04-29 01:54:33,Kh√°c | 16 GB | 1 TB | SSD | ,6 ng√†y tr∆∞·ªõc,https://cdn.chotot.com/FRIaByDprYVDhTAhRniPI5cR78758cGxvLuidm_hg0E/preset:listing/plain/600aa7b979b162c1e12938d49851ef5c-2928151395085340760.jpg,https://www.chotot.com/mua-ban-laptop-quan-tan-binh-tp-ho-chi-minh/124503040.htm,1,16,1024
 Macbook pro m1 14‚Äù 2021 16g/512g s·∫°c91 l·∫ßn bh3 th,21000000,Qu·∫≠n 3,2025-04-29 01:54:33,Unknown,5 ng√†y tr∆∞·ªõc,https://cdn.chotot.com/EzKo8WlvNCKnM2qIZtloD15amXCBhj9vQuzCpTCTs2U/preset:listing/plain/82fb75687333a16237314eca80318b5c-2928284979653180642.jpg,https://www.chotot.com/mua-ban-laptop-quan-3-tp-ho-chi-minh/124524412.htm,1,16,512
" Macbook Pro 14"" M1 Pro 16/1TB 10/16gpu Fullbox 99%",27490000,Qu·∫≠n 10,2025-04-29 01:54:33,Kh√°c | 16 GB | 1 TB | SSD | ,6 ng√†y tr∆∞·ªõc,https://cdn.chotot.com/HQOCxRLL615xuP0RQA2bMpKeBuIebu4r9Jzs8I4kSUA/preset:listing/plain/83a5e8c17427cd6b7644c2ffa319aaae-2928151715077536057.jpg,https://www.chotot.com/mua-ban-laptop-quan-10-tp-ho-chi-minh/124503185.htm,1,16,1024
" Macbook Pro 14"" M1Pro/16Gb/1TB Gray Care+ 3/2025",27500000,Qu·∫≠n B√¨nh Th·∫°nh,2025-04-29 01:54:33,Kh√°c | 16 GB | 1 TB | SSD | ,7 ng√†y tr∆∞·ªõc,https://cdn.chotot.com/fgMK9PyXpbmbKAHClWReZExZ52A50qJDe-82Al5yALI/preset:listing/plain/32e77c45bf90928e2ac1d5f21703025f-2885965776953500516.jpg,https://www.chotot.com/mua-ban-laptop-quan-binh-thanh-tp-ho-chi-minh/117642455.htm,1,16,1024
" Apple MacBook Pro 2021 14"" M1Pro/16G/512GB likenew",28900000,Qu·∫≠n 1,2025-04-29 01:54:37,Kh√°c | 16 GB | 512 GB | SSD | ,5 ng√†y tr∆∞·ªõc,https://cdn.chotot.com/LcU_w1ql_9s0O_528w8tG4vAL9SX7B5z75PC9T2-ik0/preset:listing/plain/e803130e78ef98ab4a8eceec396158c3-2918980316985389424.jpg,https://www.chotot.com/mua-ban-laptop-quan-1-tp-ho-chi-minh/122922615.htm,2,16,512
" MBPRO 14"" M1/16/512 Fullbox 98%",23500000,Qu·∫≠n B√¨nh Th·∫°nh,2025-04-29 01:54:37,Kh√°c | 16 GB | 512 GB | SSD | ,7 ng√†y tr∆∞·ªõc,https://cdn.chotot.com/kYnjpoJZMo1QwMs4VrwBIfmTI9eDCXhRvUS2_pRQQ9M/preset:listing/plain/727610ccfaeaf034bb5e3b2d959e8057-2887530175340127030.jpg,https://www.chotot.com/mua-ban-laptop-quan-binh-thanh-tp-ho-chi-minh/117909987.htm,2,16,512
 Macbook Pro 14‚Äù M1/16/512 Gray 99%,24900000,Qu·∫≠n T√¢n Ph√∫,2025-04-29 01:54:37,16 GB | 512 GB | SSD | ,1 tu·∫ßn tr∆∞·ªõc,https://cdn.chotot.com/sWoX_R1TTV81GmUW7ZXX2sYdQ9MEVqtsHSI_tw74Op8/preset:listing/plain/961e8bbc2dbcc32d01a2e41609f7f62e-2890569748175307510.jpg,https://www.chotot.com/mua-ban-laptop-quan-tan-phu-tp-ho-chi-minh/118449307.htm,2,16,512
 MACBOOK PRO 14‚Äù M1MAX,39900000,Qu·∫≠n 10,2025-04-29 01:54:37,Kh√°c | 32 GB | 1 TB | SSD | ,1 tu·∫ßn tr∆∞·ªõc,https://cdn.chotot.com/cm7_kqV5ETws6Af2c4BEXMyQR4bx15hSqWg8GTsB_uQ/preset:listing/plain/b6abe662b90be8a090461297276d37c8-2918690895793477501.jpg,https://www.chotot.com/mua-ban-laptop-quan-10-tp-ho-chi-minh/122873336.htm,2,32,1024
" Macbook Pro 14"" M1 Pro 16/512GB Gray 98,5%",24490000,Qu·∫≠n T√¢n B√¨nh,2025-04-29 01:54:37,16 GB | 512 GB | SSD | ,2 tu·∫ßn tr∆∞·ªõc,https://cdn.chotot.com/SgKSVNqd242C2SiCea2i1ekL58LO0U7gubZSIhsX4Zs/preset:listing/plain/2866d718a8d8ed9ee1f14b6c8797c04f-2927105047822967073.jpg,https://www.chotot.com/mua-ban-laptop-quan-tan-binh-tp-ho-chi-minh/124322363.htm,2,16,512
 Ô£øMacbook Pro 14‚Äù 2021| M1 Pro| 32Gb| SSD 512Gb 99%,27700000,Qu·∫≠n G√≤ V·∫•p,2025-04-29 01:54:37,Kh√°c | 32 GB | 512 GB | SSD | ,1 tu·∫ßn tr∆∞·ªõc,https://cdn.chotot.com/RzJPSJQmZnLqthrQmGUwyN4DYn36RAg9QEU5hkDwhYM/preset:listing/plain/67d0f5eda88f02fc983d9aedd9f24d4f-2927671278032268799.jpg,https://www.chotot.com/mua-ban-laptop-quan-go-vap-tp-ho-chi-minh/124419615.htm,2,32,512
 Ô£øMacbook Pro 14‚Äù 2021| M1 Pro| 16Gb| SSD 512Gb| 99,24500000,Qu·∫≠n G√≤ V·∫•p,2025-04-29 01:54:37,Kh√°c | 16 GB | 512 GB | SSD | ,1 tu·∫ßn tr∆∞·ªõc,https://cdn.chotot.com/8zRAq_HJcnNEmcBDRt8T6pkjyIONAEEc-wcFSRSfe_Y/preset:listing/plain/fedcd236cb6afb2e36db50bcd1797439-2927574691277127781.jpg,https://www.chotot.com/mua-ban-laptop-quan-go-vap-tp-ho-chi-minh/124409823.htm,2,16,512
 Macbook M1 Pro 14in 2021 Ram 16Gb | Ssd 512Gb,17500000,Qu·∫≠n 10,2025-04-29 01:54:37,Kh√°c | 16 GB | 512 GB | SSD | ,1 tu·∫ßn tr∆∞·ªõc,https://cdn.chotot.com/GcxJVND8XELoLMYOe1r759XXbvls5g2DPW3fYJw5Kp4/preset:listing/plain/b4d348bb6f337fe41e7bec96b186b30f-2927876241467002210.jpg,https://www.chotot.com/mua-ban-laptop-quan-10-tp-ho-chi-minh/124456523.htm,2,16,512
 Macbook pro m1 14‚Äù 2021 16g/512g s·∫°c72 l·∫ßn bh3 th,21000000,Qu·∫≠n 3,2025-04-29 01:54:37,Unknown,2 tu·∫ßn tr∆∞·ªõc,https://cdn.chotot.com/AtdrMDJqTZJYuGc2aK7CcqIWyMxNV6dYmil2ERsIyXc/preset:listing/plain/9857fc4e6c5b680a764188b3558094f3-2927322674859795618.jpg,https://www.chotot.com/mua-ban-laptop-quan-3-tp-ho-chi-minh/124365067.htm,2,16,512
" Macbook Pro 14"" M1 Pro 16/512 Gray 99%",24490000,Qu·∫≠n T√¢n B√¨nh,2025-04-29 01:54:37,16 GB | 512 GB | SSD | ,2 tu·∫ßn tr∆∞·ªõc,https://cdn.chotot.com/L8zFV2-sCx_ts7vWW0W8kCb6GwykWdPLc36pJHfui5k/preset:listing/plain/732997807370da2ecef0564579e1b468-2927115244230369584.jpg,https://www.chotot.com/mua-ban-laptop-quan-tan-binh-tp-ho-chi-minh/124325352.htm,2,16,512
" Macbook Pro 14"" M1 Pro 16/512Gb Gray 99% gi√° √™m",24490000,Qu·∫≠n 10,2025-04-29 01:54:37,Kh√°c | 16 GB | 512 GB | SSD | ,2 tu·∫ßn tr∆∞·ªõc,https://cdn.chotot.com/zsxt_1r2d_lzXtRzpnPDbqHVnkh6C9QcrvQxR3JEJF4/preset:listing/plain/a32c87ab3a38964efe6cde6dc0f0b81b-2927118635631912226.jpg,https://www.chotot.com/mua-ban-laptop-quan-10-tp-ho-chi-minh/124326287.htm,2,16,512
" C·∫ßn pass l·∫°i Macbook Pro 14"" M1 Pro 16/512 Zin ƒë·∫πp",24490000,Qu·∫≠n T√¢n B√¨nh,2025-04-29 01:54:37,Kh√°c | 16 GB | 512 GB | SSD | ,2 tu·∫ßn tr∆∞·ªõc,https://cdn.chotot.com/LcJ5eEOv9tsBvmg6w_SZWTkpgHMDQuekwZkGyGN6uQE/preset:listing/plain/c48670ec2056b4934915b762ef202b93-2927102781428925442.jpg,https://www.chotot.com/mua-ban-laptop-quan-tan-binh-tp-ho-chi-minh/124321509.htm,2,16,512
" Macbook Pro 14"" M1 Pro 16/512GB Silver Pin 100%",26500000,Qu·∫≠n T√¢n B√¨nh,2025-04-29 01:54:37,16 GB | 512 GB | SSD | ,2 tu·∫ßn tr∆∞·ªõc,https://cdn.chotot.com/Zbubc28e2HwbXxHGmeo9Kjrsuxq1gtdfFo4wSeXyQsA/preset:listing/plain/38661cf9c4512f9a512d5ef614522c94-2926658272780722764.jpg,https://www.chotot.com/mua-ban-laptop-quan-tan-binh-tp-ho-chi-minh/124247795.htm,2,16,512
 Apple Macbook Pro 14 inch M1 16G 512G Ko MDM ƒê·∫πp,24500000,Qu·∫≠n Ph√∫ Nhu·∫≠n,2025-04-29 01:54:37,Kh√°c | 16 GB | 512 GB | SSD | ,2 tu·∫ßn tr∆∞·ªõc,https://cdn.chotot.com/X8EjfEnGsvxOUMbI9r2MApltLlQl8K7-8BYR0cZbL54/preset:listing/plain/c120e749caaa5f3300bd971f4bf31f43-2926679884560803344.jpg,https://www.chotot.com/mua-ban-laptop-quan-phu-nhuan-tp-ho-chi-minh/124254480.htm,2,16,512
 MacBook Pro 14‚Äù M1 Pro 16/512GB Gray,25900000,Qu·∫≠n T√¢n B√¨nh,2025-04-29 01:54:37,16 GB | 512 GB | SSD | ,3 tu·∫ßn tr∆∞·ªõc,https://cdn.chotot.com/mAo_y9yLFBu_w1XRH0NipIKravjAoGCTqPvXUabr_RQ/preset:listing/plain/2ade1697d95627b817adcc454ce1f558-2926394434844443009.jpg,https://www.chotot.com/mua-ban-laptop-quan-tan-binh-tp-ho-chi-minh/124205087.htm,2,16,512
 Macbook M1 Pro 14 inch 16GB 256GB Like New,24500000,Th√†nh ph·ªë Th·ªß ƒê·ª©c,2025-04-29 01:54:37,Kh√°c | 16 GB | 512 GB | SSD | ,2 tu·∫ßn tr∆∞·ªõc,https://cdn.chotot.com/5lXbqqMNJxRwzm6-P4Db43mD8NPvyCGFtatfJ5nrTJo/preset:listing/plain/83a9aee27ed8fe3e25079dfc5a548e28-2927006012754648596.jpg,https://www.chotot.com/mua-ban-laptop-thanh-pho-thu-duc-tp-ho-chi-minh/124309061.htm,2,16,512
 MACBOOK M1 Pro 14Inch 16/512 PIN 100% ƒë·∫πp keng,25500000,Qu·∫≠n 10,2025-04-29 01:54:42,16 GB | 512 GB | ,h√¥m qua,https://cdn.chotot.com/aEC91vqhzKEKWzwjfUNJvqTr_WLdgwBXTPktiREesPg/preset:listing/plain/f4b0733e4fe6e5d81c2ce69420a23e1c-2928859131818457401.jpg,https://www.chotot.com/mua-ban-laptop-quan-10-tp-ho-chi-minh/124613700.htm,3,16,512
 Macbook Pro 14inch M1 Pro Gray - Ram 16Gb,26000000,Qu·∫≠n 10,2025-04-29 01:55:17,AMD | 16 GB | 512 GB | SSD | ,7 ng√†y tr∆∞·ªõc,https://cdn.chotot.com/kJbZXbuGZVJXDqmwvduk3g-RrKYCrVAbdykCLk7Heww/preset:listing/plain/fb03cccc0eda97bd0a7c0fa8ac9f6fbd-2928130263777182689.jpg,https://www.chotot.com/mua-ban-laptop-quan-10-tp-ho-chi-minh/124496561.htm,11,16,512
 Macbook Pro 14inch M1 / 32GB / SSD 1Tb.,28800000,Qu·∫≠n 1,2025-04-29 01:55:21,> 32GB | ,1 tu·∫ßn tr∆∞·ªõc,https://cdn.chotot.com/QMPmuzhUhXQAnE3T0L2JSuOJuRV-n38dBtauBdr81JI/preset:listing/plain/d64b51886df54eabb731ed2fb15e2564-2927840725331955800.jpg,https://www.chotot.com/mua-ban-laptop-quan-1-tp-ho-chi-minh/124448936.htm,12,32,1024
 Macbook Pro 16‚Äù M1 Pro 16/512GB 99% K√®m s·∫°c 140W,26990000,Qu·∫≠n T√¢n B√¨nh,2025-04-29 01:55:43,Kh√°c | 16 GB | 512 GB | SSD | ,2 tu·∫ßn tr∆∞·ªõc,https://cdn.chotot.com/QjnU57Kteh5_eaagb46_K4JNPvxLb8j6uOs0TJmQTUY/preset:listing/plain/170ea55c34cc9ab75f4c480e1a274b87-2927386808104521234.jpg,https://www.chotot.com/mua-ban-laptop-quan-tan-binh-tp-ho-chi-minh/124371298.htm,17,16,512
 Macbook Pro 14inch & 16inch M1 Pro - Full Option,27000000,Qu·∫≠n 10,2025-04-29 01:55:43,Kh√°c | 16 GB | 512 GB | SSD | ,2 tu·∫ßn tr∆∞·ªõc,https://cdn.chotot.com/6sok0tW9ZS_Flb6rITxbfHU5zPRGlwscJwk9H6omx_M/preset:listing/plain/9cb47fa5f54756b67f27ef312e62b098-2927258324496913727.jpg,https://www.chotot.com/mua-ban-laptop-quan-10-tp-ho-chi-minh/124351243.htm,17,16,512
 üçé|MDM| Macbook Pro 14 M1 16/512gb 99%,22500000,Qu·∫≠n 3,2025-04-29 01:55:47,Kh√°c | 16 GB | 512 GB | SSD | ,1 th√°ng tr∆∞·ªõc,https://cdn.chotot.com/4QiDOsSeBQHxyuodLf_HGKvs2rwKZjWc36nrmUtezyY/preset:listing/plain/9ce03a7a06820e74e69ea7b659b0dc38-2911484525275373818.jpg,https://www.chotot.com/mua-ban-laptop-quan-3-tp-ho-chi-minh/122033701.htm,18,16,512
" Macbook Pro 14"" M1 Pro 16/512 Grey Fullbox Pin 100",26990000,Qu·∫≠n 10,2025-04-29 01:55:56,Kh√°c | 16 GB | 512 GB | SSD | ,1 th√°ng tr∆∞·ªõc,https://cdn.chotot.com/JUvp4KDCiPzfkHZAHmKTQ3A-8weZYZiJnrIal632PG4/preset:listing/plain/694df2727fd080e3e52dcbe10ae04604-2924268118096120957.jpg,https://www.chotot.com/mua-ban-laptop-quan-10-tp-ho-chi-minh/123860420.htm,20,16,512
 Macbook Pro 14 inch M1 Pro/16/1Tb Pin 95% M√°y 98%,26000000,Qu·∫≠n B√¨nh Th·∫°nh,2025-04-29 01:56:05,Kh√°c | 16 GB | 1 TB | SSD | ,1 th√°ng tr∆∞·ªõc,https://cdn.chotot.com/gWNO7HwGHILP2xrZpQtFaDWWfzJfecrkAuW1UpWPo5U/preset:listing/plain/4c3a0cc02fc8f42be3eeacdf1a5b2d96-2923951137754829035.jpg,https://www.chotot.com/mua-ban-laptop-quan-binh-thanh-tp-ho-chi-minh/123794478.htm,22,16,1024
 Macbook pro M1 14' gray Ram 16/512GB  (8Cpu-14Gpu),25900000,Qu·∫≠n 12,2025-04-29 01:56:18,Kh√°c | 16 GB | 512 GB | SSD | ,1 th√°ng tr∆∞·ªõc,https://cdn.chotot.com/_1OPSDuIEj1U3RZP91phnKGmsMY9AeSeG_B5Tk9Rt8I/preset:listing/plain/a3b8f273fd64b3692e7451e8d39a49c5-2923226707774035373.jpg,https://www.chotot.com/mua-ban-laptop-quan-12-tp-ho-chi-minh/123676899.htm,25,16,512
" Macbook Pro 16"" M1 Pro 16/1Tb k√®m s·∫°c c√°p zin 140W",29490000,Qu·∫≠n T√¢n B√¨nh,2025-04-29 01:56:18,Kh√°c | 16 GB | 1 TB | SSD | ,3 tu·∫ßn tr∆∞·ªõc,https://cdn.chotot.com/U5BoscMB_cyX8Ot3vjIKSYKTm5K81_gzEbNv-1eRmpo/preset:listing/plain/f065ee665a7e40e235959db569477baf-2925646134122914701.jpg,https://www.chotot.com/mua-ban-laptop-quan-tan-binh-tp-ho-chi-minh/124086146.htm,25,16,1024
" Macbook Pro 14"" M1 Pro 16/512 ƒê·∫πp zin k√®m s·∫°c c√°p",22690000,Qu·∫≠n T√¢n B√¨nh,2025-04-29 01:56:22,Kh√°c | 16 GB | 512 GB | SSD | ,1 th√°ng tr∆∞·ªõc,https://cdn.chotot.com/MTR9m5UhpKDE61tLIFhXPPlt6zmD4zvCJVnipfiSLac/preset:listing/plain/47d1e408300df7365e095552591735b8-2922601088631533599.jpg,https://www.chotot.com/mua-ban-laptop-quan-tan-binh-tp-ho-chi-minh/123562430.htm,26,16,512
 MacBook Pro M1 Pro 14inch Sliver 2021 16GB 512GB,26000000,Qu·∫≠n G√≤ V·∫•p,2025-04-29 01:56:30,Kh√°c | 16 GB | 512 GB | SSD | ,4 tu·∫ßn tr∆∞·ªõc,https://cdn.chotot.com/ydpPX3u6wF9OJluPu_5XMDiYPxf9qH49br0c9kohkxE/preset:listing/plain/f015fd39182310ea873ec38e0d58d334-2925005352421354413.jpg,https://www.chotot.com/mua-ban-laptop-quan-go-vap-tp-ho-chi-minh/123979926.htm,28,16,512
" Macbook Pro 14"" M1 Pro 16/512 ƒë·∫πp pin cao k√®m s·∫°c",27490000,Qu·∫≠n T√¢n B√¨nh,2025-04-29 01:56:30,Kh√°c | 16 GB | 512 GB | SSD | ,2 th√°ng tr∆∞·ªõc,https://cdn.chotot.com/8iEjimO8KBa-NRuRZcd3gEdHIKhYhOprvVxTxpTy4-4/preset:listing/plain/eba374db1c75aadce3be2fd795aa0bd2-2922212440030758664.jpg,https://www.chotot.com/mua-ban-laptop-quan-tan-binh-tp-ho-chi-minh/123496915.htm,28,16,512
" Macbook Pro 14"" M1 Pro 16/512 Gray",27490000,Qu·∫≠n T√¢n B√¨nh,2025-04-29 01:56:38,Kh√°c | 16 GB | 512 GB | SSD | ,2 th√°ng tr∆∞·ªõc,https://cdn.chotot.com/g6cD_Szk4vpTGoUTxNtqub-RSxOMjeI5_twYHme2Bms/preset:listing/plain/5811c6e5bee065c2c507498a3db08051-2922064648122686289.jpg,https://www.chotot.com/mua-ban-laptop-quan-tan-binh-tp-ho-chi-minh/123468701.htm,30,16,512
 Ô£øMacbook Pro 14‚Äù 2021| M1 Pro| 32Gb| 512Gb| new 99,29000000,Qu·∫≠n G√≤ V·∫•p,2025-04-29 01:57:35,Kh√°c | 32 GB | 512 GB | SSD | ,2 th√°ng tr∆∞·ªõc,https://cdn.chotot.com/UYrbbvlMRQTpEIbsfzayqpjTBo_YtJWiZSAWWwBaPWw/preset:listing/plain/daad8589bf5c64f30c903145a2c3e858-2921485552671296458.jpg,https://www.chotot.com/mua-ban-laptop-quan-go-vap-tp-ho-chi-minh/123372534.htm,43,32,512
 Macbook Pro M1 14 2021 32/1T/10CPU/14GPU,33500000,Qu·∫≠n 6,2025-04-29 01:57:53,Kh√°c | 32 GB | 1 TB | SSD | ,2 th√°ng tr∆∞·ªõc,https://cdn.chotot.com/ko_Y4VVRXZYAqrgGv5b8kEmNgqOw6AeqQk9MXPfYQTg/preset:listing/plain/29274bca43aaf50bd35c3675c34c55fd-2921381188384989586.jpg,https://www.chotot.com/mua-ban-laptop-quan-6-tp-ho-chi-minh/123353759.htm,47,32,1024
